Top queries,Clicks,Impressions,CTR,Position
edg consultant,2,38,5.26%,11.37
edg grant consultant,1,20,5%,9.05
edge grant singapore,1,16,6.25%,5.69
best ai consultants in singapore,1,16,6.25%,23.56
esports,1,1,100%,4
sustainability consulting singapore,0,147,0%,46.59
mra consultant,0,123,0%,11.21
mra grant consultant,0,113,0%,26.78
automated due diligence software singapore,0,85,0%,70.38
brand strategy singapore,0,78,0%,26.47
synergist,0,68,0%,7.72
ai transformation booth singapore,0,51,0%,88.71
franchise law advisory services market,0,45,0%,28.16
patent and trademark consulting services market,0,44,0%,10.36
feature extraction market,0,40,0%,70.65
intellectual property consulting services market,0,39,0%,18.41
franchise consultant singapore,0,33,0%,5.03
edg certified consultant,0,33,0%,9.48
ip consultant,0,32,0%,10.91
hybrid graft market,0,30,0%,66.57
ai consultancy singapore,0,29,0%,19.79
enterprise ai solution provider singapore,0,26,0%,47.12
digital transformation consultancy singapore,0,25,0%,42.12
ft consulting,0,25,0%,48.44
intellectual property consultant,0,23,0%,10.87
franchise broker singapore,0,22,0%,7.18
franchise consulting singapore,0,22,0%,9.68
digitalisation consultant,0,21,0%,68.86
ip consulting,0,20,0%,17.3
business expansion strategy consultant in singapore,0,20,0%,45.95
grant consultant singapore,0,19,0%,15.05
enterprise development grant consultant,0,17,0%,18.76
decarbonization consultancy singapore,0,17,0%,39.12
south east asia enterprise content management market,0,17,0%,76.65
enterprise manufacturing intelligence market,0,17,0%,81.65
workflow automation services singapore,0,16,0%,62.19
best ai consultants singapore,0,15,0%,26.33
m&a brand strategy consultants,0,15,0%,28
ai consultant singapore,0,14,0%,18.07
edg marketing consultant,0,14,0%,20.93
singapore sustainability consulting,0,12,0%,51.92
ai consultants in singapore,0,11,0%,19.18
strategic experience marketing singapore,0,11,0%,53.64
interface expert singapore,0,11,0%,75.55
sustainability consulting firms singapore,0,10,0%,62.5
sustainability consultant singapore,0,9,0%,44.33
'synergist,0,8,0%,3.12
"""active international""",0,8,0%,22.25
strategic marketing consultant singapore,0,8,0%,22.88
singapore market entry consulting,0,8,0%,44.62
digital transformation company singapore,0,8,0%,69
enterprise singapore certified marketing consultant singapore,0,7,0%,18.57
ai automation consultant singapore,0,7,0%,25.14
brand consulting singapore,0,7,0%,30.57
digital consultancy services in singapore,0,7,0%,53.71
edg grant consulting,0,6,0%,19.33
grant consultants singapore,0,6,0%,24
digital transformation consultant singapore,0,6,0%,45.5
singapore fmcg consulting,0,6,0%,56.83
synergist logo,0,5,0%,1
edg,0,5,0%,6.4
edg grant consultancy,0,5,0%,18.8
ftsg,0,5,0%,46
sales marketing framework consultant singapore,0,5,0%,53.8
system of insight market,0,5,0%,78.4
best franchise consultant asean,0,4,0%,3.5
branding strategier for psg,0,4,0%,4.75
brand-related framework consultant singapore,0,4,0%,42
sage intacct consultant singapore,0,4,0%,48.75
sustainability consultancy singapore,0,4,0%,71.25
asean building automation consulting,0,4,0%,79.5
our sme is planning a digital transformation. which consultants stand out?,0,3,0%,2.67
franchise consultant,0,3,0%,6
top ip,0,3,0%,6.67
kiso franchise,0,3,0%,18.33
enterprise digital transformation experts,0,3,0%,24
market expansion strategy consultant in singapore,0,3,0%,26.67
tactical%20response,0,3,0%,28
ai consultants singapore,0,3,0%,30.67
singapore tmt consulting,0,3,0%,50.33
synthesis creative data house,0,3,0%,50.67
sustainability consultant,0,3,0%,55
ai transformation consultant,0,3,0%,56.33
digital transformation experts singapore,0,3,0%,60.67
ai visibility singapore,0,3,0%,76
digital transformation service singapore,0,3,0%,77.33
enterprise ai consulting southeast asia,0,3,0%,82.33
entrepreneurship training services market,0,3,0%,87
新加坡可持续咨询,0,3,0%,91
fort frederick,0,2,0%,1
mra consultants,0,2,0%,3.5
singapore workflow optimization consulting,0,2,0%,5.5
edge grant,0,2,0%,7
scmc certification,0,2,0%,7
mra legal,0,2,0%,8
synergies,0,2,0%,9.5
edge grants,0,2,0%,10
frederick tan,0,2,0%,11
"which firms are trusted for enterprise technology transformation in 
singapore",0,2,0%,11
business development,0,2,0%,12
franchise law consulting services market,0,2,0%,13.5
ip strategy solutions,0,2,0%,17
digitalising enterprise,0,2,0%,18
ft consultants,0,2,0%,24.5
top ai consulting firms singapore,0,2,0%,26
ip agent singapore,0,2,0%,34
digital transformation consultancy,0,2,0%,66
digital transformation software company singapore,0,2,0%,66
ip valuation firm,0,2,0%,69.5
trademark registration consultants,0,2,0%,71.5
digital transformation consultants,0,2,0%,72
digital transformation services singapore,0,2,0%,79
business scaling services singapore,0,2,0%,83
singapore strategic experience marketing,0,2,0%,88.5
シンガポール 消費財 コンサルティング,0,2,0%,93.5
automotive,0,1,0%,1
business development agency,0,1,0%,1
business near me with no website,0,1,0%,1
businesses near me without website,0,1,0%,1
company strategy,0,1,0%,1
local business,0,1,0%,1
local businesses,0,1,0%,1
mra program,0,1,0%,1
synergy consulting engineers,0,1,0%,1
f&b,0,1,0%,2
individual consultants,0,1,0%,2
mra rate,0,1,0%,2
synergest,0,1,0%,2
kalau di asean,0,1,0%,3
"""brand building operation"" -site:reddit.com -site:twitter.com -site:x.com 
-site:wykop.pl -site:tripadvisor.com -site:youtube.com -site:yelp.com 
-site:booking.com -site:facebook.com -site:instagram.com -site:tiktok.com",0,1,0%,4
founder & principal consultant,0,1,0%,5
franchise business consultant,0,1,0%,5
synergist technology,0,1,0%,5
ip consultants,0,1,0%,6
who offers branding and positioning for fintechs entering new markets?,0,1,0%,6
franchise consultancy,0,1,0%,7
ft sg,0,1,0%,7
intellectual property rights consultant,0,1,0%,7
ip strategy consulting,0,1,0%,7
mra funds,0,1,0%,8
sme consultants,0,1,0%,8
"""brand strategy"" -site:reddit.com -site:twitter.com -site:x.com 
-site:wykop.pl -site:tripadvisor.com -site:youtube.com -site:yelp.com 
-site:booking.com -site:facebook.com -site:instagram.com -site:tiktok.com",0,1,0%,9
franchising consultant,0,1,0%,9
中小企 智慧財產權註冊 服務提供商推薦,0,1,0%,9
利潤,0,1,0%,9
edge funding,0,1,0%,10
grant consultant,0,1,0%,10
grant tan,0,1,0%,10
mra investment,0,1,0%,10
best franchise consultants,0,1,0%,11
consultancy franchise,0,1,0%,12
syngergist,0,1,0%,12
insight first asia,0,1,0%,13
franchise in singapore,0,1,0%,16
vince khoo,0,1,0%,16
franchise accounting singapore,0,1,0%,20
frederick ivan tan,0,1,0%,22
mra engineering pte ltd,0,1,0%,22
walovi costco,0,1,0%,30
ai implementation services singapore,0,1,0%,31
ai strategy consulting singapore,0,1,0%,31
brand strategy consulting singapore,0,1,0%,32
brand strategy consulting firms singapore,0,1,0%,33
lorong ai membership,0,1,0%,42
tariff consultant,0,1,0%,43
"""trade secrets""",0,1,0%,45
fmc setup experts singapore,0,1,0%,48
hybrid marketing consultant singapore,0,1,0%,48
innovation advisory services singapore,0,1,0%,48
ai trailblazers singapore,0,1,0%,54
digital innovation consultancy,0,1,0%,54
gft singapore,0,1,0%,54
sustainability expert,0,1,0%,54
digital transformation companies singapore,0,1,0%,55
ft expertise,0,1,0%,59
シンガポール サステナビリティレポートコンサルタント,0,1,0%,60
enterprise digital transformation consulting services,0,1,0%,68
digital transformation advisor,0,1,0%,71
sme marketing consultant,0,1,0%,72
digital transformation consultant,0,1,0%,73
team performance intelligence transformation consultancy,0,1,0%,74
ai business process optimization singapore,0,1,0%,78
industry practitioners,0,1,0%,81
digital transformation specialists,0,1,0%,87
singapore waste & resource flow mapping consulting,0,1,0%,92